Workbook

Sheet Start Here
A1: Microsoft 365 Cross-Tenant Mailbox Migration Tracker
A2: Companion to the README runbook. Official reference: https://learn.microsoft.com/en-us/microsoft-365/migration/cross-tenant-mailbox-migration
A4: How to use | B4: Work through the sheets in order. Record each value as you complete the matching runbook step.
A5: Yellow cells | B5: Cells you fill in.
A6: Grey cells | B6: Formulas. Do not overwrite.
A7: Blue cells | B7: Example row or example value showing the expected format. Replace or delete it.
A8: Never record secrets | B8: Do not enter the client secret value, passwords or tokens anywhere in this file. Record only the expiry date and the name of the vault or store that holds the secret.
A10: Sheet | B10: Purpose
A11: Summary | B11: Live totals and progress (formulas).
A12: Tenants | B12: Source and target tenant details (Runbook Step 1).
A13: App & Config | B13: Migration app, endpoint, organisation relationships, scope group (Steps 3 and 4). Builds the consent URL.
A14: Checklist | B14: Every runbook step with status, owner, date and notes.
A15: Users | B15: One row per mailbox: source values, target MailUser values, automatic GUID checks, move and validation status (Steps 5 to 10).
A16: Batches | B16: Pilot and production batches (Steps 7 to 9).
A17: Issues | B17: Problems, causes and fixes (Troubleshooting, Step 11).

Sheet Summary
A1: Summary (all values are formulas)
A3: Measure | B3: Value
A4: Mailboxes recorded | B4: =COUNTA(Users!$F$5:$F$204) -> 1
A5: Mailboxes on hold (blocked) | B5: =COUNTIF(Users!$L$5:$L$204,"Yes") -> 0
A6: ExchangeGuid mismatches | B6: =COUNTIF(Users!$T$5:$T$204,"MISMATCH") -> 0
A7: ArchiveGuid mismatches | B7: =COUNTIF(Users!$U$5:$U$204,"MISMATCH") -> 0
A8: Ready to migrate | B8: =COUNTIF(Users!$V$5:$V$204,"Ready") -> 1
A9: Not ready | B9: =COUNTIF(Users!$V$5:$V$204,"Not ready") -> 0
A10: Moves completed | B10: =COUNTIF(Users!$X$5:$X$204,"Completed") -> 0
A11: Moves failed | B11: =COUNTIF(Users!$X$5:$X$204,"Failed") -> 0
A12: Moves completed (%) | B12: =IF(B4=0,0,B10/B4) -> 0
A13: Batches recorded | B13: =COUNTA(Batches!$A$4:$A$23) -> 1
A14: Checklist items done | B14: =COUNTIF(Checklist!$C$4:$C$53,"Done") -> 0
A15: Checklist items blocked | B15: =COUNTIF(Checklist!$C$4:$C$53,"Blocked") -> 0
A16: Checklist progress (excluding N/A) | B16: =IF(COUNTA(Checklist!$B$4:$B$53)-COUNTIF(Checklist!$C$4:$C$53,"N/A")=0,0,B14/(COUNTA(Checklist!$B$4:$B$53)-COUNTIF(Checklist!$C$4:$C$53,"N/A"))) -> 0
A17: Open issues | B17: =COUNTIF(Issues!$J$4:$J$53,"Open")+COUNTIF(Issues!$J$4:$J$53,"In progress")+COUNTIF(Issues!$J$4:$J$53,"Escalated to Microsoft") -> 0
A18: Client secret expiry date | B18: =IF('App & Config'!B8="","",'App & Config'!B8)
A21: Note: the example rows on Users, Batches and Issues are counted until you overwrite them.

Sheet Tenants
A1: Tenant details (Runbook Step 1)
A3: Item | B3: Source tenant | C3: Target tenant | D3: Example (format only)
A4: Organisation name | D4: Contoso Ltd
A5: Tenant ID (GUID) | D5: 11111111-2222-3333-4444-555555555555
A6: Initial domain (onmicrosoft.com) | D6: contoso.onmicrosoft.com
A7: Custom domain(s) in use | D7: contoso.com
A8: Tenant admin contact | D8: A. Admin, admin@contoso.com
A9: Admin account used for PowerShell | D9: migadmin@contoso.onmicrosoft.com
A10: Cloud environment | D10: Microsoft 365 commercial
A11: Exchange Online provisioned (Yes/No) | D11: Yes
A12: Directory type (Cloud-only / Hybrid-synchronised) | D12: Cloud-only
A13: Cross Tenant User Data Migration licences purchased | D13: 50
A14: Domain move planned? (Yes/No) and date | D14: Yes, 2026-11-20
A15: Migration window | D15: 2026-11-14 18:00 to 2026-11-15 06:00
... A17: Rollback decision recorded (Yes/No) and where | D17: Yes, change ticket CHG-1042

Sheet App & Config
A1: Migration app, endpoint and organisation relationships (Runbook Steps 3 and 4)
A3: Item | B3: Value | C3: Date done | D3: Done by | E3: Example (format only)
A4: TARGET: App registration name | E4: CrossTenantMailboxMigration
A5: TARGET: Application (client) ID | E5: aaaaaaaa-bbbb-cccc-dddd-eeeeeeeeeeee
A6: TARGET: Redirect URI | E6: https://office.com
A7: TARGET: Permission added (Mailbox.Migration) | E7: Yes
A8: TARGET: Client secret expiry date | E8: 2026-12-31
A9: TARGET: Where the secret is stored (name only, never the value) | E9: Company password vault, item 'XT-Migration'
A10: TARGET: Admin consent granted in target | E10: Yes
A11: SOURCE: Admin consent accepted (consent URL below) | E11: Yes
A12: CONSENT URL (generated, send to source admin) | B12: =IF(OR(Tenants!B6="",B5=""),"Fill in source initial domain (Tenants) and client ID (above)","https://login.microsoftonline.com/"&Tenants!B6&"/adminconsent?client_id="&B5&"&redirect_uri=https://office.com") -> Fill in source initial domain (Tenants) and client ID (above) | E12: https://login.microsoftonline.com/contoso.onmicrosoft.com/adminconsent?client_id=...&redirect_uri=https://office.com
A13: TARGET: Migration endpoint name | E13: CrossTenant-Source
A14: TARGET: Endpoint remote server | E14: outlook.office.com
A15: TARGET: Endpoint created successfully | E15: Yes
A16: TARGET: Organisation relationship name | E16: CrossTenant-Source
A17: TARGET: Organisation relationship (Inbound) verified | E17: Yes
A18: SOURCE: Scope group name | E18: CrossTenant-Migration-Scope
A19: SOURCE: Organisation relationship name | E19: CrossTenant-Target
A20: SOURCE: Organisation relationship (RemoteOutbound) verified | E20: Yes
A21: SOURCE: Group membership checked against Users sheet | E21: Yes
A22: TARGET: Target delivery domain | E22: fabrikam.onmicrosoft.com
A23: Microsoft validation script run (date and result) | E23: 2026-11-10, no issues
A24: Test-MigrationServerAvailability result | E24: Success

Sheet Checklist
A1: Runbook checklist
A3: Step | B3: Task | C3: Status | D3: Owner | E3: Date | F3: Notes / evidence | H3: Dates: enter as yyyy-mm-dd
A4: 1 | B4: Record tenant IDs, domains, admin contacts | C4: Not started
A5: 1 | B5: Confirm supported cloud environments and Exchange Online provisioned | C5: Not started
A6: 1 | B6: Cross Tenant User Data Migration licences assigned to each migrating user | C6: Not started
A7: 1 | B7: Target users have an appropriate Exchange Online licence plan | C7: Not started
A8: 1 | B8: Mailbox inventory completed (Users sheet) | C8: Not started
A9: 1 | B9: Holds checked; any holds resolved with legal/compliance approval | C9: Not started
A10: 1 | B10: Target UPN and SMTP domain decided; domain move planned | C10: Not started
A11: 1 | B11: Pilot group and migration window agreed; users notified | C11: Not started
A12: 1 | B12: Rollback decision recorded | C12: Not started
A13: 2 | B13: ExchangeOnlineManagement module installed/updated | C13: Not started
A14: 2 | B14: Execution policy checked | C14: Not started
A15: 2 | B15: Connected to correct tenant (verified with Get-OrganizationConfig) | C15: Not started
... A53: 12 | B53: Documentation and support runbooks updated | C53: Not started

Sheet Users
A1: Mailbox map (Runbook Steps 5 to 10)
A2: Row 5 is an example (blue). Overwrite it with your first user. Grey columns are automatic checks.
A4: # | B4: Display name | C4: Source UPN | D4: Source primary SMTP | E4: Source routing address (onmicrosoft.com) | F4: Source ExchangeGuid | G4: Source ArchiveGuid | H4: Archive? (Yes/No) | I4: Source LegacyExchangeDN | J4: Source X500 addresses (; separated) | K4: Mailbox size (GB) | L4: On any hold? (Yes/No) | M4: Delegates / shared mailbox links | N4: Target UPN | O4: Target primary SMTP | P4: Target MailUser ExchangeGuid | Q4: Target MailUser ArchiveGuid | R4: Exchange licence assigned (Yes/No) | S4: Cross Tenant licence assigned (Yes/No) | T4: ExchangeGuid check | U4: ArchiveGuid check | V4: Ready to migrate? | W4: Batch name | X4: Move status | Y4: Mail flow tested | Z4: Outlook tested | AA4: Delegates recreated | AB4: Notes
A5: 1 | B5: Alex Example | C5: alex@contoso.com | D5: alex@contoso.com | E5: alex@contoso.onmicrosoft.com | F5: 0a1b2c3d-1111-2222-3333-444455556666 | G5: 9f8e7d6c-aaaa-bbbb-cccc-ddddeeeeffff | H5: Yes | I5: /o=ExchangeLabs/ou=Exchange Administrative Group (FYDIBOHF23SPDLT)/cn=Recipients/cn=EXAMPLE-alex | J5: x500:/o=OldOrg/ou=First Administrative Group/cn=Recipients/cn=alex | K5: 12.4 | L5: No | M5: None | N5: alex@fabrikam.com | O5: alex@fabrikam.com | P5: 0a1b2c3d-1111-2222-3333-444455556666 | Q5: 9f8e7d6c-aaaa-bbbb-cccc-ddddeeeeffff | R5: Yes | S5: Yes | T5: =IF(F5="","",IF(P5="","Pending",IF(UPPER(TRIM(F5))=UPPER(TRIM(P5)),"OK","MISMATCH"))) -> OK | U5: =IF(F5="","",IF(H5<>"Yes","N/A",IF(Q5="","Pending",IF(UPPER(TRIM(G5))=UPPER(TRIM(Q5)),"OK","MISMATCH")))) -> OK | V5: =IF(F5="","",IF(L5="Yes","Blocked: hold",IF(AND(T5="OK",OR(U5="OK",U5="N/A"),R5="Yes",S5="Yes"),"Ready","Not ready"))) -> Ready | W5: CrossTenant-Pilot-2026-11-14 | X5: Not started
A6: 2 | T6: =IF(F6="","",IF(P6="","Pending",IF(UPPER(TRIM(F6))=UPPER(TRIM(P6)),"OK","MISMATCH"))) | U6: =IF(F6="","",IF(H6<>"Yes","N/A",IF(Q6="","Pending",IF(UPPER(TRIM(G6))=UPPER(TRIM(Q6)),"OK","MISMATCH")))) | V6: =IF(F6="","",IF(L6="Yes","Blocked: hold",IF(AND(T6="OK",OR(U6="OK",U6="N/A"),R6="Yes",S6="Yes"),"Ready","Not ready")))
A7: 3 | T7: =IF(F7="","",IF(P7="","Pending",IF(UPPER(TRIM(F7))=UPPER(TRIM(P7)),"OK","MISMATCH"))) | U7: =IF(F7="","",IF(H7<>"Yes","N/A",IF(Q7="","Pending",IF(UPPER(TRIM(G7))=UPPER(TRIM(Q7)),"OK","MISMATCH")))) | V7: =IF(F7="","",IF(L7="Yes","Blocked: hold",IF(AND(T7="OK",OR(U7="OK",U7="N/A"),R7="Yes",S7="Yes"),"Ready","Not ready")))
A8: 4 | T8: =IF(F8="","",IF(P8="","Pending",IF(UPPER(TRIM(F8))=UPPER(TRIM(P8)),"OK","MISMATCH"))) | U8: =IF(F8="","",IF(H8<>"Yes","N/A",IF(Q8="","Pending",IF(UPPER(TRIM(G8))=UPPER(TRIM(Q8)),"OK","MISMATCH")))) | V8: =IF(F8="","",IF(L8="Yes","Blocked: hold",IF(AND(T8="OK",OR(U8="OK",U8="N/A"),R8="Yes",S8="Yes"),"Ready","Not ready")))
A9: 5 | T9: =IF(F9="","",IF(P9="","Pending",IF(UPPER(TRIM(F9))=UPPER(TRIM(P9)),"OK","MISMATCH"))) | U9: =IF(F9="","",IF(H9<>"Yes","N/A",IF(Q9="","Pending",IF(UPPER(TRIM(G9))=UPPER(TRIM(Q9)),"OK","MISMATCH")))) | V9: =IF(F9="","",IF(L9="Yes","Blocked: hold",IF(AND(T9="OK",OR(U9="OK",U9="N/A"),R9="Yes",S9="Yes"),"Ready","Not ready")))
A10: 6 | T10: =IF(F10="","",IF(P10="","Pending",IF(UPPER(TRIM(F10))=UPPER(TRIM(P10)),"OK","MISMATCH"))) | U10: =IF(F10="","",IF(H10<>"Yes","N/A",IF(Q10="","Pending",IF(UPPER(TRIM(G10))=UPPER(TRIM(Q10)),"OK","MISMATCH")))) | V10: =IF(F10="","",IF(L10="Yes","Blocked: hold",IF(AND(T10="OK",OR(U10="OK",U10="N/A"),R10="Yes",S10="Yes"),"Ready","Not ready")))
A11: 7 | T11: =IF(F11="","",IF(P11="","Pending",IF(UPPER(TRIM(F11))=UPPER(TRIM(P11)),"OK","MISMATCH"))) | U11: =IF(F11="","",IF(H11<>"Yes","N/A",IF(Q11="","Pending",IF(UPPER(TRIM(G11))=UPPER(TRIM(Q11)),"OK","MISMATCH")))) | V11: =IF(F11="","",IF(L11="Yes","Blocked: hold",IF(AND(T11="OK",OR(U11="OK",U11="N/A"),R11="Yes",S11="Yes"),"Ready","Not ready")))
A12: 8 | T12: =IF(F12="","",IF(P12="","Pending",IF(UPPER(TRIM(F12))=UPPER(TRIM(P12)),"OK","MISMATCH"))) | U12: =IF(F12="","",IF(H12<>"Yes","N/A",IF(Q12="","Pending",IF(UPPER(TRIM(G12))=UPPER(TRIM(Q12)),"OK","MISMATCH")))) | V12: =IF(F12="","",IF(L12="Yes","Blocked: hold",IF(AND(T12="OK",OR(U12="OK",U12="N/A"),R12="Yes",S12="Yes"),"Ready","Not ready")))
A13: 9 | T13: =IF(F13="","",IF(P13="","Pending",IF(UPPER(TRIM(F13))=UPPER(TRIM(P13)),"OK","MISMATCH"))) | U13: =IF(F13="","",IF(H13<>"Yes","N/A",IF(Q13="","Pending",IF(UPPER(TRIM(G13))=UPPER(TRIM(Q13)),"OK","MISMATCH")))) | V13: =IF(F13="","",IF(L13="Yes","Blocked: hold",IF(AND(T13="OK",OR(U13="OK",U13="N/A"),R13="Yes",S13="Yes"),"Ready","Not ready")))
A14: 10 | T14: =IF(F14="","",IF(P14="","Pending",IF(UPPER(TRIM(F14))=UPPER(TRIM(P14)),"OK","MISMATCH"))) | U14: =IF(F14="","",IF(H14<>"Yes","N/A",IF(Q14="","Pending",IF(UPPER(TRIM(G14))=UPPER(TRIM(Q14)),"OK","MISMATCH")))) | V14: =IF(F14="","",IF(L14="Yes","Blocked: hold",IF(AND(T14="OK",OR(U14="OK",U14="N/A"),R14="Yes",S14="Yes"),"Ready","Not ready")))
A15: 11 | T15: =IF(F15="","",IF(P15="","Pending",IF(UPPER(TRIM(F15))=UPPER(TRIM(P15)),"OK","MISMATCH"))) | U15: =IF(F15="","",IF(H15<>"Yes","N/A",IF(Q15="","Pending",IF(UPPER(TRIM(G15))=UPPER(TRIM(Q15)),"OK","MISMATCH")))) | V15: =IF(F15="","",IF(L15="Yes","Blocked: hold",IF(AND(T15="OK",OR(U15="OK",U15="N/A"),R15="Yes",S15="Yes"),"Ready","Not ready")))
A16: 12 | T16: =IF(F16="","",IF(P16="","Pending",IF(UPPER(TRIM(F16))=UPPER(TRIM(P16)),"OK","MISMATCH"))) | U16: =IF(F16="","",IF(H16<>"Yes","N/A",IF(Q16="","Pending",IF(UPPER(TRIM(G16))=UPPER(TRIM(Q16)),"OK","MISMATCH")))) | V16: =IF(F16="","",IF(L16="Yes","Blocked: hold",IF(AND(T16="OK",OR(U16="OK",U16="N/A"),R16="Yes",S16="Yes"),"Ready","Not ready")))
A17: 13 | T17: =IF(F17="","",IF(P17="","Pending",IF(UPPER(TRIM(F17))=UPPER(TRIM(P17)),"OK","MISMATCH"))) | U17: =IF(F17="","",IF(H17<>"Yes","N/A",IF(Q17="","Pending",IF(UPPER(TRIM(G17))=UPPER(TRIM(Q17)),"OK","MISMATCH")))) | V17: =IF(F17="","",IF(L17="Yes","Blocked: hold",IF(AND(T17="OK",OR(U17="OK",U17="N/A"),R17="Yes",S17="Yes"),"Ready","Not ready")))
... A204: 200 | T204: =IF(F204="","",IF(P204="","Pending",IF(UPPER(TRIM(F204))=UPPER(TRIM(P204)),"OK","MISMATCH"))) | U204: =IF(F204="","",IF(H204<>"Yes","N/A",IF(Q204="","Pending",IF(UPPER(TRIM(G204))=UPPER(TRIM(Q204)),"OK","MISMATCH")))) | V204: =IF(F204="","",IF(L204="Yes","Blocked: hold",IF(AND(T204="OK",OR(U204="OK",U204="N/A"),R204="Yes",S204="Yes"),"Ready","Not ready")))

Sheet Batches
A1: Migration batches (Runbook Steps 7 to 9)
A2: Row 4 is an example (blue). Overwrite it with your pilot batch.
A3: Batch name | B3: Type | C3: CSV file name | D3: Users in batch (auto) | E3: Created | F3: Started | G3: Completed | H3: Status | I3: Synced | J3: Failed | K3: Reports saved? (Yes/No) | L3: Approved by | M3: Notes
A4: CrossTenant-Pilot-2026-11-14 | B4: Pilot | C4: users-pilot.csv | D4: =IF(A4="","",COUNTIF(Users!$W$5:$W$204,A4)) -> 1 | E4: 2026-11-12 | F4: 2026-11-14 | G4: 2026-11-14 | H4: Completed | I4: 5 | J4: 0 | K4: Yes | L4: J. Manager | M4: Pilot signed off
D5: =IF(A5="","",COUNTIF(Users!$W$5:$W$204,A5))
D6: =IF(A6="","",COUNTIF(Users!$W$5:$W$204,A6))
D7: =IF(A7="","",COUNTIF(Users!$W$5:$W$204,A7))
D8: =IF(A8="","",COUNTIF(Users!$W$5:$W$204,A8))
D9: =IF(A9="","",COUNTIF(Users!$W$5:$W$204,A9))
D10: =IF(A10="","",COUNTIF(Users!$W$5:$W$204,A10))
D11: =IF(A11="","",COUNTIF(Users!$W$5:$W$204,A11))
D12: =IF(A12="","",COUNTIF(Users!$W$5:$W$204,A12))
D13: =IF(A13="","",COUNTIF(Users!$W$5:$W$204,A13))
D14: =IF(A14="","",COUNTIF(Users!$W$5:$W$204,A14))
D15: =IF(A15="","",COUNTIF(Users!$W$5:$W$204,A15))
D16: =IF(A16="","",COUNTIF(Users!$W$5:$W$204,A16))
... D23: =IF(A23="","",COUNTIF(Users!$W$5:$W$204,A23))

Sheet Issues
A1: Issues log
A2: Row 4 is an example (blue). Overwrite it with your first issue.
A3: ID | B3: Date | C3: Step | D3: Mailbox / area | E3: Description | F3: Error text / cmdlet | G3: Cause | H3: Action taken | I3: Owner | J3: Status | K3: Resolved date
A4: 1 | B4: 2026-11-12 | C4: 5 | D4: alex@fabrikam.com | E4: Move failed on pilot mailbox | F4: ExchangeGuid mismatch in migration report | G4: Exchange licence assigned before GUID was stamped | H4: Compared GUIDs; corrected via supported Microsoft procedure; no clearing of previous mailbox info | I4: A. Admin | J4: Resolved | K4: 2026-11-13
A5: 2
A6: 3
A7: 4
A8: 5
A9: 6
A10: 7
A11: 8
A12: 9
A13: 10
A14: 11
A15: 12
A16: 13
... A53: 50
